drug_class,exposure_definition,variable,smd_before,smd_after_ipw
loop_diuretic,current_use,RIDAGEYR,1.3542,0.7333
loop_diuretic,current_use,sex_binary,0.0395,0.1553
loop_diuretic,current_use,RIDRETH1,0.0976,0.0581
loop_diuretic,current_use,BMXBMI,0.5687,0.4508
loop_diuretic,current_use,BMXWAIST,0.6416,0.5085
loop_diuretic,current_use,INDFMPIR,0.2584,0.0843
loop_diuretic,current_use,LBXSCA,0.1355,0.0125
loop_diuretic,current_use,LBXSUA,0.7546,0.2212
loop_diuretic,current_use,LBXSPH,0.0667,0.037
loop_diuretic,current_use,LBXSC3SI,0.2322,0.0253
loop_diuretic,current_use,LBXSBU,0.8277,0.2959
loop_diuretic,current_use,LBXSCR,0.5695,0.2263
loop_diuretic,current_use,egfr,1.1941,0.5339
loop_diuretic,current_use,acr,0.2457,0.1491
loop_diuretic,current_use,systolic_bp,0.3635,0.3243
loop_diuretic,current_use,diastolic_bp,0.4078,0.1049
loop_diuretic,current_use,smoking_status,0.0676,0.0394
loop_diuretic,current_use,diabetes_status,0.7033,0.3558
loop_diuretic,current_use,physically_active,0.6059,0.4379
loop_diuretic,current_use,MCQ160B,1.037,0.2366
loop_diuretic,current_use,MCQ160C,0.6373,0.2746
loop_diuretic,current_use,BPQ020,1.1114,0.7139
loop_diuretic,current_use,BPQ080,0.5486,0.3446
loop_diuretic,current_use,drug_count,2.0712,1.1319
loop_diuretic,current_use,drug_statin,0.9208,0.492
loop_diuretic,current_use,drug_ace_inhibitor,0.5562,0.403
loop_diuretic,current_use,drug_beta_blocker,1.235,0.5311
loop_diuretic,current_use,drug_thiazide,0.0294,0.2875
loop_diuretic,current_use,drug_ppi,0.5575,0.4764
loop_diuretic,current_use,drug_ccb,0.5864,0.405
loop_diuretic,current_use,drug_metformin,0.328,0.3156
loop_diuretic,current_use,drug_arb,0.5151,0.2464
loop_diuretic,current_use,drug_ssri,0.2928,0.1985
loop_diuretic,current_use,drug_opioid,0.3766,0.2889
loop_diuretic,current_use,drug_nsaid,0.1279,0.2647
loop_diuretic,current_use,drug_antiepileptic,0.4051,0.2781
loop_diuretic,current_use,drug_alpha_blocker,0.3539,0.2131
loop_diuretic,current_use,drug_gout_drug,0.4612,0.1308
loop_diuretic,current_use,drug_benzodiazepine,0.2185,0.2493
loop_diuretic,current_use,drug_sulfonylurea,0.4449,0.2034
loop_diuretic,current_use,drug_thyroid,0.3371,0.1678
loop_diuretic,current_use,drug_bisphosphonate,0.1356,0.0548
loop_diuretic,current_use,drug_potassium_sparing,0.3836,0.2166
loop_diuretic,current_use,drug_count_x_age,2.127,1.0375
loop_diuretic,current_use,drug_count_x_bmi,1.5177,0.9444
loop_diuretic,current_use,drug_count_x_egfr,1.1295,0.9484
loop_diuretic,current_use,drug_count_x_bmi_missing,0.2153,0.1688
loop_diuretic,current_use,drug_count_x_egfr_missing,0.145,0.0488
thiazide,current_use,RIDAGEYR,0.9803,0.7767
thiazide,current_use,sex_binary,0.1673,0.0241
thiazide,current_use,RIDRETH1,0.1198,0.009
thiazide,current_use,BMXBMI,0.4639,0.2246
thiazide,current_use,BMXWAIST,0.5307,0.3072
thiazide,current_use,INDFMPIR,0.0633,0.0341
thiazide,current_use,LBXSCA,0.2595,0.0191
thiazide,current_use,LBXSUA,0.558,0.2008
thiazide,current_use,LBXSPH,0.0851,0.0301
thiazide,current_use,LBXSC3SI,0.3685,0.0139
thiazide,current_use,LBXSBU,0.4719,0.3434
thiazide,current_use,LBXSCR,0.1833,0.2074
thiazide,current_use,egfr,0.7603,0.5263
thiazide,current_use,acr,0.0159,0.1139
thiazide,current_use,systolic_bp,0.4578,0.3636
thiazide,current_use,diastolic_bp,0.0407,0.0461
thiazide,current_use,smoking_status,0.0331,0.0129
thiazide,current_use,diabetes_status,0.4298,0.3248
thiazide,current_use,physically_active,0.3425,0.3079
thiazide,current_use,MCQ160B,0.0837,0.2336
thiazide,current_use,MCQ160C,0.101,0.2244
thiazide,current_use,BPQ020,1.7371,0.5712
thiazide,current_use,BPQ080,0.5534,0.3619
thiazide,current_use,drug_count,1.0305,0.7373
thiazide,current_use,drug_statin,0.6383,0.4712
thiazide,current_use,drug_ace_inhibitor,0.671,0.4211
thiazide,current_use,drug_beta_blocker,0.56,0.4305
thiazide,current_use,drug_ppi,0.3071,0.2221
thiazide,current_use,drug_ccb,0.5315,0.2742
thiazide,current_use,drug_metformin,0.3822,0.2843
thiazide,current_use,drug_arb,0.6962,0.2412
thiazide,current_use,drug_ssri,0.119,0.0821
thiazide,current_use,drug_opioid,0.126,0.1249
thiazide,current_use,drug_nsaid,0.2127,0.1226
thiazide,current_use,drug_antiepileptic,0.132,0.1416
thiazide,current_use,drug_loop_diuretic,0.0186,0.291
thiazide,current_use,drug_alpha_blocker,0.1612,0.1811
thiazide,current_use,drug_gout_drug,0.1636,0.179
thiazide,current_use,drug_benzodiazepine,0.0722,0.1102
thiazide,current_use,drug_sulfonylurea,0.2857,0.1725
thiazide,current_use,drug_thyroid,0.1954,0.1513
thiazide,current_use,drug_bisphosphonate,0.0842,0.1369
thiazide,current_use,drug_potassium_sparing,0.4169,0.1428
thiazide,current_use,drug_count_x_age,1.0142,0.7439
thiazide,current_use,drug_count_x_bmi,0.9434,0.5754
thiazide,current_use,drug_count_x_egfr,0.8649,0.5651
thiazide,current_use,drug_count_x_bmi_missing,0.026,0.1646
thiazide,current_use,drug_count_x_egfr_missing,0.0212,0.1086
ppi,current_use,RIDAGEYR,0.8781,0.1843
ppi,current_use,sex_binary,0.1161,0.0449
ppi,current_use,RIDRETH1,0.0377,0.009
ppi,current_use,BMXBMI,0.2323,0.0691
ppi,current_use,BMXWAIST,0.3558,0.1105
ppi,current_use,INDFMPIR,0.0731,0.0554
ppi,current_use,LBXSCA,0.0029,0.0359
ppi,current_use,LBXSUA,0.1167,0.0907
ppi,current_use,LBXSPH,0.0251,0.0123
ppi,current_use,LBXSC3SI,0.089,0.061
ppi,current_use,LBXSBU,0.3732,0.1352
ppi,current_use,LBXSCR,0.215,0.0813
ppi,current_use,egfr,0.6642,0.1723
ppi,current_use,acr,0.0686,0.0282
ppi,current_use,systolic_bp,0.2914,0.0387
ppi,current_use,diastolic_bp,0.1035,0.0088
ppi,current_use,smoking_status,0.1028,0.0473
ppi,current_use,diabetes_status,0.3817,0.0964
ppi,current_use,physically_active,0.382,0.076
ppi,current_use,MCQ160B,0.296,0.0685
ppi,current_use,MCQ160C,0.2902,0.0691
ppi,current_use,BPQ020,0.6564,0.1331
ppi,current_use,BPQ080,0.5357,0.117
ppi,current_use,drug_count,1.4012,0.2905
ppi,current_use,drug_statin,0.6414,0.1313
ppi,current_use,drug_ace_inhibitor,0.3554,0.1089
ppi,current_use,drug_beta_blocker,0.521,0.1185
ppi,current_use,drug_thiazide,0.3164,0.1003
ppi,current_use,drug_ccb,0.393,0.0824
ppi,current_use,drug_metformin,0.2593,0.0612
ppi,current_use,drug_arb,0.3576,0.0732
ppi,current_use,drug_ssri,0.3584,0.0813
ppi,current_use,drug_opioid,0.3575,0.0467
ppi,current_use,drug_nsaid,0.3455,0.0414
ppi,current_use,drug_antiepileptic,0.358,0.0675
ppi,current_use,drug_loop_diuretic,0.3478,0.077
ppi,current_use,drug_alpha_blocker,0.236,0.0636
ppi,current_use,drug_gout_drug,0.1831,0.0488
ppi,current_use,drug_benzodiazepine,0.2833,0.0489
ppi,current_use,drug_sulfonylurea,0.2004,0.0742
ppi,current_use,drug_thyroid,0.3094,0.0529
ppi,current_use,drug_bisphosphonate,0.1616,0.0072
ppi,current_use,drug_potassium_sparing,0.1615,0.042
ppi,current_use,drug_count_x_age,1.3405,0.2446
ppi,current_use,drug_count_x_bmi,1.1392,0.2631
ppi,current_use,drug_count_x_egfr,1.1482,0.2486
ppi,current_use,drug_count_x_bmi_missing,0.0245,0.0513
ppi,current_use,drug_count_x_egfr_missing,0.0301,0.0186
antiepileptic,current_use,RIDAGEYR,0.5206,0.2454
antiepileptic,current_use,sex_binary,0.1291,0.0363
antiepileptic,current_use,RIDRETH1,0.0336,0.028
antiepileptic,current_use,BMXBMI,0.3189,0.0049
antiepileptic,current_use,BMXWAIST,0.4108,0.0446
antiepileptic,current_use,INDFMPIR,0.2427,0.0093
antiepileptic,current_use,LBXSCA,0.0545,0.0194
antiepileptic,current_use,LBXSUA,0.0539,0.0023
antiepileptic,current_use,LBXSPH,0.0798,0.0588
antiepileptic,current_use,LBXSC3SI,0.0592,0.0219
antiepileptic,current_use,LBXSBU,0.2691,0.0917
antiepileptic,current_use,LBXSCR,0.1589,0.0434
antiepileptic,current_use,egfr,0.4543,0.1694
antiepileptic,current_use,acr,0.0619,0.0087
antiepileptic,current_use,systolic_bp,0.0802,0.0659
antiepileptic,current_use,diastolic_bp,0.0731,0.0341
antiepileptic,current_use,smoking_status,0.2489,0.0613
antiepileptic,current_use,diabetes_status,0.4536,0.1373
antiepileptic,current_use,physically_active,0.3799,0.1361
antiepileptic,current_use,MCQ160B,0.2805,0.097
antiepileptic,current_use,MCQ160C,0.2209,0.168
antiepileptic,current_use,BPQ020,0.5147,0.2006
antiepileptic,current_use,BPQ080,0.3821,0.1694
antiepileptic,current_use,drug_count,1.504,0.4778
antiepileptic,current_use,drug_statin,0.4933,0.2271
antiepileptic,current_use,drug_ace_inhibitor,0.2747,0.159
antiepileptic,current_use,drug_beta_blocker,0.4043,0.2073
antiepileptic,current_use,drug_thiazide,0.1877,0.1081
antiepileptic,current_use,drug_ppi,0.5075,0.1736
antiepileptic,current_use,drug_ccb,0.2661,0.1273
antiepileptic,current_use,drug_metformin,0.3233,0.1174
antiepileptic,current_use,drug_arb,0.2269,0.1007
antiepileptic,current_use,drug_ssri,0.5075,0.1373
antiepileptic,current_use,drug_opioid,0.6114,0.1103
antiepileptic,current_use,drug_nsaid,0.3451,0.1033
antiepileptic,current_use,drug_loop_diuretic,0.3603,0.1465
antiepileptic,current_use,drug_alpha_blocker,0.2003,0.0874
antiepileptic,current_use,drug_gout_drug,0.1246,0.0561
antiepileptic,current_use,drug_benzodiazepine,0.4339,0.1189
antiepileptic,current_use,drug_sulfonylurea,0.2582,0.1003
antiepileptic,current_use,drug_thyroid,0.2415,0.0696
antiepileptic,current_use,drug_bisphosphonate,0.1062,0.094
antiepileptic,current_use,drug_potassium_sparing,0.1329,0.0684
antiepileptic,current_use,drug_count_x_age,1.299,0.4433
antiepileptic,current_use,drug_count_x_bmi,1.1883,0.3965
antiepileptic,current_use,drug_count_x_egfr,1.2636,0.449
antiepileptic,current_use,drug_count_x_bmi_missing,0.1212,0.0048
antiepileptic,current_use,drug_count_x_egfr_missing,0.0413,0.0086
gout_drug,current_use,RIDAGEYR,1.2048,0.7414
gout_drug,current_use,sex_binary,0.5413,0.3631
gout_drug,current_use,RIDRETH1,0.2697,0.1193
gout_drug,current_use,BMXBMI,0.4964,0.2747
gout_drug,current_use,BMXWAIST,0.7057,0.4536
gout_drug,current_use,INDFMPIR,0.1328,0.1245
gout_drug,current_use,LBXSCA,0.0763,0.0645
gout_drug,current_use,LBXSUA,0.3161,0.6527
gout_drug,current_use,LBXSPH,0.0671,0.052
gout_drug,current_use,LBXSC3SI,0.0111,0.0114
gout_drug,current_use,LBXSBU,0.8091,0.4194
gout_drug,current_use,LBXSCR,0.6073,0.3172
gout_drug,current_use,egfr,1.1385,0.6037
gout_drug,current_use,acr,0.1782,0.0887
gout_drug,current_use,systolic_bp,0.3948,0.2274
gout_drug,current_use,diastolic_bp,0.1366,0.0369
gout_drug,current_use,smoking_status,0.0023,0.0023
gout_drug,current_use,diabetes_status,0.5699,0.3739
gout_drug,current_use,physically_active,0.3769,0.1602
gout_drug,current_use,MCQ160B,0.4775,0.1921
gout_drug,current_use,MCQ160C,0.4739,0.2421
gout_drug,current_use,BPQ020,1.0774,0.5883
gout_drug,current_use,BPQ080,0.6015,0.4793
gout_drug,current_use,drug_count,1.5521,0.9282
gout_drug,current_use,drug_statin,0.8792,0.5361
gout_drug,current_use,drug_ace_inhibitor,0.5218,0.3899
gout_drug,current_use,drug_beta_blocker,0.9821,0.3756
gout_drug,current_use,drug_thiazide,0.4011,0.2402
gout_drug,current_use,drug_ppi,0.4388,0.2136
gout_drug,current_use,drug_ccb,0.5945,0.3908
gout_drug,current_use,drug_metformin,0.3033,0.2931
gout_drug,current_use,drug_arb,0.5022,0.2871
gout_drug,current_use,drug_ssri,0.1777,0.1547
gout_drug,current_use,drug_opioid,0.2088,0.2305
gout_drug,current_use,drug_nsaid,0.2944,0.2434
gout_drug,current_use,drug_antiepileptic,0.2105,0.1015
gout_drug,current_use,drug_loop_diuretic,0.7448,0.2862
gout_drug,current_use,drug_alpha_blocker,0.4794,0.2406
gout_drug,current_use,drug_benzodiazepine,0.0533,0.0991
gout_drug,current_use,drug_sulfonylurea,0.3994,0.2322
gout_drug,current_use,drug_thyroid,0.2358,0.1632
gout_drug,current_use,drug_bisphosphonate,0.0073,0.0414
gout_drug,current_use,drug_potassium_sparing,0.3256,0.1397
gout_drug,current_use,drug_count_x_age,1.5735,0.8752
gout_drug,current_use,drug_count_x_bmi,1.2777,0.7783
gout_drug,current_use,drug_count_x_egfr,0.9824,0.7225
gout_drug,current_use,drug_count_x_bmi_missing,0.0341,0.0789
gout_drug,current_use,drug_count_x_egfr_missing,0.0321,0.0543
potassium_sparing,current_use,RIDAGEYR,0.954,0.5405
potassium_sparing,current_use,sex_binary,0.3091,0.1486
potassium_sparing,current_use,RIDRETH1,0.1718,0.0813
potassium_sparing,current_use,BMXBMI,0.4048,0.2655
potassium_sparing,current_use,BMXWAIST,0.4483,0.3069
potassium_sparing,current_use,INDFMPIR,0.1228,0.0774
potassium_sparing,current_use,LBXSCA,0.2776,0.0409
potassium_sparing,current_use,LBXSUA,0.5629,0.2878
potassium_sparing,current_use,LBXSPH,0.0182,0.0257
potassium_sparing,current_use,LBXSC3SI,0.1292,0.1039
potassium_sparing,current_use,LBXSBU,0.5719,0.3026
potassium_sparing,current_use,LBXSCR,0.3686,0.1592
potassium_sparing,current_use,egfr,0.9452,0.4857
potassium_sparing,current_use,acr,0.0054,0.0508
potassium_sparing,current_use,systolic_bp,0.1807,0.1478
potassium_sparing,current_use,diastolic_bp,0.0966,0.002
potassium_sparing,current_use,smoking_status,0.0724,0.0026
potassium_sparing,current_use,diabetes_status,0.305,0.2681
potassium_sparing,current_use,physically_active,0.3871,0.2394
potassium_sparing,current_use,MCQ160B,0.5167,0.2435
potassium_sparing,current_use,MCQ160C,0.3347,0.1933
potassium_sparing,current_use,BPQ020,1.1823,0.6189
potassium_sparing,current_use,BPQ080,0.4009,0.3871
potassium_sparing,current_use,drug_count,1.196,0.9629
potassium_sparing,current_use,drug_statin,0.5927,0.4134
potassium_sparing,current_use,drug_ace_inhibitor,0.2842,0.3471
potassium_sparing,current_use,drug_beta_blocker,0.7361,0.4398
potassium_sparing,current_use,drug_thiazide,1.0489,0.3995
potassium_sparing,current_use,drug_ppi,0.3378,0.2444
potassium_sparing,current_use,drug_ccb,0.4093,0.3392
potassium_sparing,current_use,drug_metformin,0.1755,0.2261
potassium_sparing,current_use,drug_arb,0.2626,0.3229
potassium_sparing,current_use,drug_ssri,0.1508,0.1556
potassium_sparing,current_use,drug_opioid,0.1824,0.1636
potassium_sparing,current_use,drug_nsaid,0.1238,0.0918
potassium_sparing,current_use,drug_antiepileptic,0.1988,0.1368
potassium_sparing,current_use,drug_loop_diuretic,0.5268,0.3709
potassium_sparing,current_use,drug_alpha_blocker,0.1203,0.1684
potassium_sparing,current_use,drug_gout_drug,0.2873,0.0879
potassium_sparing,current_use,drug_benzodiazepine,0.1275,0.1405
potassium_sparing,current_use,drug_sulfonylurea,0.216,0.2348
potassium_sparing,current_use,drug_thyroid,0.2665,0.2148
potassium_sparing,current_use,drug_bisphosphonate,0.1065,0.0827
potassium_sparing,current_use,drug_count_x_age,1.1779,0.8524
potassium_sparing,current_use,drug_count_x_bmi,1.0213,0.8358
potassium_sparing,current_use,drug_count_x_egfr,0.83,0.8069
potassium_sparing,current_use,drug_count_x_bmi_missing,0.061,0.0506
potassium_sparing,current_use,drug_count_x_egfr_missing,0.0844,0.0696
opioid,current_use,RIDAGEYR,0.3291,0.1769
opioid,current_use,sex_binary,0.0849,0.0159
opioid,current_use,RIDRETH1,0.0022,0.0177
opioid,current_use,BMXBMI,0.2616,0.0961
opioid,current_use,BMXWAIST,0.296,0.1364
opioid,current_use,INDFMPIR,0.3068,0.009
opioid,current_use,LBXSCA,0.0168,0.0002
opioid,current_use,LBXSUA,0.0365,0.031
opioid,current_use,LBXSPH,0.1171,0.0013
opioid,current_use,LBXSC3SI,0.0426,0.0033
opioid,current_use,LBXSBU,0.0757,0.1074
opioid,current_use,LBXSCR,0.0774,0.0653
opioid,current_use,egfr,0.2553,0.1616
opioid,current_use,acr,0.0305,0.0104
opioid,current_use,systolic_bp,0.0433,0.0482
opioid,current_use,diastolic_bp,0.0457,0.0469
opioid,current_use,smoking_status,0.4172,0.0672
opioid,current_use,diabetes_status,0.2313,0.1092
opioid,current_use,physically_active,0.264,0.0437
opioid,current_use,MCQ160B,0.2563,0.0779
opioid,current_use,MCQ160C,0.1664,0.0851
opioid,current_use,BPQ020,0.4327,0.1375
opioid,current_use,BPQ080,0.2796,0.133
opioid,current_use,drug_count,1.205,0.3527
opioid,current_use,drug_statin,0.2699,0.1577
opioid,current_use,drug_ace_inhibitor,0.2197,0.1065
opioid,current_use,drug_beta_blocker,0.2669,0.1479
opioid,current_use,drug_thiazide,0.1544,0.0847
opioid,current_use,drug_ppi,0.4307,0.1311
opioid,current_use,drug_ccb,0.1901,0.0984
opioid,current_use,drug_metformin,0.1499,0.0782
opioid,current_use,drug_arb,0.1385,0.1021
opioid,current_use,drug_ssri,0.3586,0.0811
opioid,current_use,drug_nsaid,0.4659,0.0821
opioid,current_use,drug_antiepileptic,0.5159,0.0881
opioid,current_use,drug_loop_diuretic,0.2875,0.1162
opioid,current_use,drug_alpha_blocker,0.1898,0.0588
opioid,current_use,drug_gout_drug,0.1067,0.0547
opioid,current_use,drug_benzodiazepine,0.4991,0.0496
opioid,current_use,drug_sulfonylurea,0.1125,0.102
opioid,current_use,drug_thyroid,0.1434,0.0429
opioid,current_use,drug_bisphosphonate,0.058,0.0307
opioid,current_use,drug_potassium_sparing,0.1053,0.068
opioid,current_use,drug_count_x_age,1.0174,0.3146
opioid,current_use,drug_count_x_bmi,0.9789,0.3073
opioid,current_use,drug_count_x_egfr,1.0989,0.3378
opioid,current_use,drug_count_x_bmi_missing,0.0599,0.0164
opioid,current_use,drug_count_x_egfr_missing,0.0154,0.0492
nsaid,current_use,RIDAGEYR,0.3814,0.1972
nsaid,current_use,sex_binary,0.2297,0.0359
nsaid,current_use,RIDRETH1,0.0668,0.0203
nsaid,current_use,BMXBMI,0.3642,0.0652
nsaid,current_use,BMXWAIST,0.3485,0.0922
nsaid,current_use,INDFMPIR,0.2254,0.0103
nsaid,current_use,LBXSCA,0.0013,0.0025
nsaid,current_use,LBXSUA,0.0147,0.0362
nsaid,current_use,LBXSPH,0.011,0.0088
nsaid,current_use,LBXSC3SI,0.0033,0.0196
nsaid,current_use,LBXSBU,0.1812,0.0841
nsaid,current_use,LBXSCR,0.0388,0.0602
nsaid,current_use,egfr,0.2606,0.1596
nsaid,current_use,acr,0.0393,0.0436
nsaid,current_use,systolic_bp,0.1431,0.0278
nsaid,current_use,diastolic_bp,0.049,0.0494
nsaid,current_use,smoking_status,0.1387,0.0466
nsaid,current_use,diabetes_status,0.2049,0.151
nsaid,current_use,physically_active,0.2528,0.0846
nsaid,current_use,MCQ160B,0.0658,0.0898
nsaid,current_use,MCQ160C,0.047,0.1061
nsaid,current_use,BPQ020,0.4151,0.154
nsaid,current_use,BPQ080,0.3167,0.1313
nsaid,current_use,drug_count,1.0676,0.4073
nsaid,current_use,drug_statin,0.3004,0.1381
nsaid,current_use,drug_ace_inhibitor,0.2963,0.0882
nsaid,current_use,drug_beta_blocker,0.1864,0.1734
nsaid,current_use,drug_thiazide,0.2851,0.0791
nsaid,current_use,drug_ppi,0.4555,0.1443
nsaid,current_use,drug_ccb,0.2115,0.1242
nsaid,current_use,drug_metformin,0.1988,0.0873
nsaid,current_use,drug_arb,0.1686,0.0901
nsaid,current_use,drug_ssri,0.312,0.1136
nsaid,current_use,drug_opioid,0.5113,0.1204
nsaid,current_use,drug_antiepileptic,0.3227,0.125
nsaid,current_use,drug_loop_diuretic,0.1075,0.1098
nsaid,current_use,drug_alpha_blocker,0.1215,0.0757
nsaid,current_use,drug_gout_drug,0.1624,0.086
nsaid,current_use,drug_benzodiazepine,0.2474,0.1355
nsaid,current_use,drug_sulfonylurea,0.1277,0.0865
nsaid,current_use,drug_thyroid,0.1651,0.0617
nsaid,current_use,drug_bisphosphonate,0.1134,0.0324
nsaid,current_use,drug_potassium_sparing,0.0779,0.0395
nsaid,current_use,drug_count_x_age,0.8979,0.3667
nsaid,current_use,drug_count_x_bmi,0.9451,0.336
nsaid,current_use,drug_count_x_egfr,1.0449,0.3689
nsaid,current_use,drug_count_x_bmi_missing,0.0351,0.0042
nsaid,current_use,drug_count_x_egfr_missing,0.048,0.0007
statin,current_use,RIDAGEYR,1.3936,0.6113
statin,current_use,sex_binary,0.1053,0.0173
statin,current_use,RIDRETH1,0.0527,0.0091
statin,current_use,BMXBMI,0.2201,0.0998
statin,current_use,BMXWAIST,0.4468,0.1862
statin,current_use,INDFMPIR,0.0982,0.0542
statin,current_use,LBXSCA,0.1007,0.0467
statin,current_use,LBXSUA,0.2479,0.1341
statin,current_use,LBXSPH,0.033,0.0084
statin,current_use,LBXSC3SI,0.1829,0.0571
statin,current_use,LBXSBU,0.5471,0.2162
statin,current_use,LBXSCR,0.2775,0.0966
statin,current_use,egfr,0.8812,0.3634
statin,current_use,acr,0.0787,0.0309
statin,current_use,systolic_bp,0.4265,0.2634
statin,current_use,diastolic_bp,0.225,0.0082
statin,current_use,smoking_status,0.0222,0.0253
statin,current_use,diabetes_status,0.7126,0.2196
statin,current_use,physically_active,0.4346,0.1977
statin,current_use,MCQ160B,0.3614,0.0756
statin,current_use,MCQ160C,0.5274,0.0071
statin,current_use,BPQ020,0.9497,0.3711
statin,current_use,BPQ080,1.4378,0.3737
statin,current_use,drug_count,1.5376,0.2538
statin,current_use,drug_ace_inhibitor,0.7321,0.2064
statin,current_use,drug_beta_blocker,0.783,0.1665
statin,current_use,drug_thiazide,0.4663,0.1921
statin,current_use,drug_ppi,0.454,0.127
statin,current_use,drug_ccb,0.5444,0.2246
statin,current_use,drug_metformin,0.6222,0.1242
statin,current_use,drug_arb,0.4922,0.1532
statin,current_use,drug_ssri,0.2419,0.1096
statin,current_use,drug_opioid,0.1662,0.0628
statin,current_use,drug_nsaid,0.1695,0.0892
statin,current_use,drug_antiepileptic,0.2544,0.0792
statin,current_use,drug_loop_diuretic,0.3854,0.0897
statin,current_use,drug_alpha_blocker,0.3291,0.0414
statin,current_use,drug_gout_drug,0.2429,0.0549
statin,current_use,drug_benzodiazepine,0.1529,0.0633
statin,current_use,drug_sulfonylurea,0.4522,0.0968
statin,current_use,drug_thyroid,0.3097,0.1157
statin,current_use,drug_bisphosphonate,0.1809,0.0675
statin,current_use,drug_potassium_sparing,0.1995,0.0483
statin,current_use,drug_count_x_age,1.5733,0.26
statin,current_use,drug_count_x_bmi,1.242,0.219
statin,current_use,drug_count_x_egfr,1.2215,0.2086
statin,current_use,drug_count_x_bmi_missing,0.0327,0.0261
statin,current_use,drug_count_x_egfr_missing,0.0149,0.0103
ace_inhibitor,current_use,RIDAGEYR,1.0188,0.7026
ace_inhibitor,current_use,sex_binary,0.1186,0.0267
ace_inhibitor,current_use,RIDRETH1,0.0199,0.0708
ace_inhibitor,current_use,BMXBMI,0.3366,0.1192
ace_inhibitor,current_use,BMXWAIST,0.5183,0.1893
ace_inhibitor,current_use,INDFMPIR,0.051,0.0014
ace_inhibitor,current_use,LBXSCA,0.1259,0.025
ace_inhibitor,current_use,LBXSUA,0.3777,0.1727
ace_inhibitor,current_use,LBXSPH,0.0283,0.0398
ace_inhibitor,current_use,LBXSC3SI,0.062,0.1007
ace_inhibitor,current_use,LBXSBU,0.4693,0.3326
ace_inhibitor,current_use,LBXSCR,0.23,0.1868
ace_inhibitor,current_use,egfr,0.6963,0.5089
ace_inhibitor,current_use,acr,0.0707,0.1108
ace_inhibitor,current_use,systolic_bp,0.4245,0.3859
ace_inhibitor,current_use,diastolic_bp,0.0958,0.0269
ace_inhibitor,current_use,smoking_status,0.0811,0.0096
ace_inhibitor,current_use,diabetes_status,0.6794,0.2728
ace_inhibitor,current_use,physically_active,0.3749,0.2881
ace_inhibitor,current_use,MCQ160B,0.2896,0.1776
ace_inhibitor,current_use,MCQ160C,0.333,0.165
ace_inhibitor,current_use,BPQ020,1.5226,0.5772
ace_inhibitor,current_use,BPQ080,0.6305,0.3151
ace_inhibitor,current_use,drug_count,1.1944,0.5211
ace_inhibitor,current_use,drug_statin,0.8849,0.3664
ace_inhibitor,current_use,drug_beta_blocker,0.5571,0.4117
ace_inhibitor,current_use,drug_thiazide,0.5747,0.2352
ace_inhibitor,current_use,drug_ppi,0.3009,0.184
ace_inhibitor,current_use,drug_ccb,0.4827,0.3466
ace_inhibitor,current_use,drug_metformin,0.6378,0.1476
ace_inhibitor,current_use,drug_arb,0.3313,0.3041
ace_inhibitor,current_use,drug_ssri,0.1634,0.127
ace_inhibitor,current_use,drug_opioid,0.1569,0.0973
ace_inhibitor,current_use,drug_nsaid,0.1935,0.0994
ace_inhibitor,current_use,drug_antiepileptic,0.1684,0.1206
ace_inhibitor,current_use,drug_loop_diuretic,0.2939,0.1925
ace_inhibitor,current_use,drug_alpha_blocker,0.242,0.0956
ace_inhibitor,current_use,drug_gout_drug,0.1826,0.0945
ace_inhibitor,current_use,drug_benzodiazepine,0.1172,0.0835
ace_inhibitor,current_use,drug_sulfonylurea,0.4652,0.1609
ace_inhibitor,current_use,drug_thyroid,0.1878,0.159
ace_inhibitor,current_use,drug_bisphosphonate,0.08,0.1017
ace_inhibitor,current_use,drug_potassium_sparing,0.1165,0.1293
ace_inhibitor,current_use,drug_count_x_age,1.166,0.5521
ace_inhibitor,current_use,drug_count_x_bmi,1.0261,0.4003
ace_inhibitor,current_use,drug_count_x_egfr,1.021,0.3515
ace_inhibitor,current_use,drug_count_x_bmi_missing,0.0026,0.0573
ace_inhibitor,current_use,drug_count_x_egfr_missing,0.0338,0.0528
beta_blocker,current_use,RIDAGEYR,1.2535,0.3953
beta_blocker,current_use,sex_binary,0.0149,0.0532
beta_blocker,current_use,RIDRETH1,0.0655,0.057
beta_blocker,current_use,BMXBMI,0.2888,0.1518
beta_blocker,current_use,BMXWAIST,0.4668,0.2135
beta_blocker,current_use,INDFMPIR,0.055,0.0083
beta_blocker,current_use,LBXSCA,0.0263,0.0026
beta_blocker,current_use,LBXSUA,0.4193,0.012
beta_blocker,current_use,LBXSPH,0.0526,0.0341
beta_blocker,current_use,LBXSC3SI,0.1759,0.0094
beta_blocker,current_use,LBXSBU,0.5894,0.1356
beta_blocker,current_use,LBXSCR,0.326,0.0643
beta_blocker,current_use,egfr,0.9566,0.2621
beta_blocker,current_use,acr,0.1091,0.0334
beta_blocker,current_use,systolic_bp,0.5287,0.2099
beta_blocker,current_use,diastolic_bp,0.1155,0.02
beta_blocker,current_use,smoking_status,0.0443,0.002
beta_blocker,current_use,diabetes_status,0.5226,0.1658
beta_blocker,current_use,physically_active,0.4389,0.1505
beta_blocker,current_use,MCQ160B,0.567,0.0139
beta_blocker,current_use,MCQ160C,0.6409,0.0484
beta_blocker,current_use,BPQ020,1.3547,0.3997
beta_blocker,current_use,BPQ080,0.6468,0.2083
beta_blocker,current_use,drug_count,1.5295,0.3427
beta_blocker,current_use,drug_statin,0.9868,0.2273
beta_blocker,current_use,drug_ace_inhibitor,0.5727,0.2252
beta_blocker,current_use,drug_thiazide,0.4962,0.1945
beta_blocker,current_use,drug_ppi,0.4483,0.1671
beta_blocker,current_use,drug_ccb,0.5299,0.1744
beta_blocker,current_use,drug_metformin,0.3534,0.1435
beta_blocker,current_use,drug_arb,0.456,0.1522
beta_blocker,current_use,drug_ssri,0.225,0.1638
beta_blocker,current_use,drug_opioid,0.1946,0.2077
beta_blocker,current_use,drug_nsaid,0.1256,0.1223
beta_blocker,current_use,drug_antiepileptic,0.2507,0.1507
beta_blocker,current_use,drug_loop_diuretic,0.571,0.0163
beta_blocker,current_use,drug_alpha_blocker,0.2877,0.0708
beta_blocker,current_use,drug_gout_drug,0.3129,0.0594
beta_blocker,current_use,drug_benzodiazepine,0.2044,0.0853
beta_blocker,current_use,drug_sulfonylurea,0.3375,0.0832
beta_blocker,current_use,drug_thyroid,0.2563,0.1073
beta_blocker,current_use,drug_bisphosphonate,0.1137,0.0776
beta_blocker,current_use,drug_potassium_sparing,0.2843,0.0376
beta_blocker,current_use,drug_count_x_age,1.5525,0.2923
beta_blocker,current_use,drug_count_x_bmi,1.2269,0.3142
beta_blocker,current_use,drug_count_x_egfr,1.103,0.3978
beta_blocker,current_use,drug_count_x_bmi_missing,0.0681,0.0267
beta_blocker,current_use,drug_count_x_egfr_missing,0.0264,0.045
metformin,current_use,RIDAGEYR,0.8384,0.4678
metformin,current_use,sex_binary,0.0255,0.1543
metformin,current_use,RIDRETH1,0.0236,0.0261
metformin,current_use,BMXBMI,0.5011,0.3565
metformin,current_use,BMXWAIST,0.6583,0.3807
metformin,current_use,INDFMPIR,0.0769,0.0542
metformin,current_use,LBXSCA,0.2054,0.0704
metformin,current_use,LBXSUA,0.162,0.1753
metformin,current_use,LBXSPH,0.051,0.0504
metformin,current_use,LBXSC3SI,0.0112,0.0261
metformin,current_use,LBXSBU,0.2876,0.2513
metformin,current_use,LBXSCR,0.0184,0.1181
metformin,current_use,egfr,0.3754,0.3354
metformin,current_use,acr,0.0712,0.0535
metformin,current_use,systolic_bp,0.3675,0.2002
metformin,current_use,diastolic_bp,0.1193,0.0874
metformin,current_use,smoking_status,0.0132,0.0508
metformin,current_use,diabetes_status,2.4588,0.7578
metformin,current_use,physically_active,0.3893,0.2014
metformin,current_use,MCQ160B,0.1742,0.2467
metformin,current_use,MCQ160C,0.2033,0.1801
metformin,current_use,BPQ020,0.7758,0.4332
metformin,current_use,BPQ080,0.6835,0.3403
metformin,current_use,drug_count,1.3313,0.6597
metformin,current_use,drug_statin,0.9988,0.3497
metformin,current_use,drug_ace_inhibitor,0.8395,0.2628
metformin,current_use,drug_beta_blocker,0.435,0.3078
metformin,current_use,drug_thiazide,0.4196,0.2534
metformin,current_use,drug_ppi,0.2754,0.2304
metformin,current_use,drug_ccb,0.3799,0.2808
metformin,current_use,drug_arb,0.437,0.1683
metformin,current_use,drug_ssri,0.1272,0.1475
metformin,current_use,drug_opioid,0.1335,0.12
metformin,current_use,drug_nsaid,0.1626,0.1013
metformin,current_use,drug_antiepileptic,0.2464,0.1519
metformin,current_use,drug_loop_diuretic,0.2233,0.2506
metformin,current_use,drug_alpha_blocker,0.1955,0.1624
metformin,current_use,drug_gout_drug,0.1368,0.0723
metformin,current_use,drug_benzodiazepine,0.0423,0.1496
metformin,current_use,drug_sulfonylurea,0.9123,0.2159
metformin,current_use,drug_thyroid,0.1815,0.1867
metformin,current_use,drug_bisphosphonate,0.0589,0.0925
metformin,current_use,drug_potassium_sparing,0.0904,0.1469
metformin,current_use,drug_count_x_age,1.2443,0.6061
metformin,current_use,drug_count_x_bmi,1.1693,0.5706
metformin,current_use,drug_count_x_egfr,1.2678,0.5492
metformin,current_use,drug_count_x_bmi_missing,0.0152,0.0694
metformin,current_use,drug_count_x_egfr_missing,0.0557,0.0005
